¥¥uff57,¥¥uff57,a,except
RT,RT,a,except
画像,画像,a,except
動画,動画,a,except
定期,定期,a,except
自分,自分,a,except
bot,bot,a,except
http,http,a,except
ww(w*),ww(w*),a,except
相互,相互,a,except
無料,無料,a,except
rt,rt,a,except
フォロー,フォロー,a,except
フォロワー,フォロワー,a,except
セフレ,セフレ,a,except
at,at,a,except
ch,ch,a,except
出会い,出会い,a,except
感じ,感じ,a,except
恋人,恋人,a,except
LINE,LINE,a,except
ランキング,ランキング,a,except
メル,メル,a,except
モンストキャンペーン,モンストキャンペーン,a,except
ツイート,ツイート,a,except
rzzp,rzzp,a,except
エロ,エロ,a,except
人気,人気,a,except
気持ち,気持ち,a,except
女の子,女の子,a,except
sougofollow,sougofollow,a,except
あと,あと,a,except
アプリ,アプリ,a,except
ｗｗｗ,ｗｗｗ,a,except
followmejp,followmejp,a,except
友達,友達,a,except
写真,写真,a,except
ーー,ーー,a,except
リプ,リプ,a,except
情報,情報,a,except
楽しみ,楽しみ,a,except
DM,DM,a,except
記事,記事,a,except
まとめ,まとめ,a,except
人人,人人,a,except